date,landingPagePath,source,users,sessions,bounceRate
2019-06-11,/,(direct),9,12,8.33333333333333
2019-06-11,/,59.29.251.41,1,1,0
2019-06-11,/,bing,1,1,0
2019-06-11,/,google,4,4,0
2019-06-11,/,l.instagram.com,1,1,0
2019-06-11,/,m.youtube.com,2,2,0
2019-06-11,/,naver,2,2,0
2019-06-11,/,tumblbug,1,1,0
2019-06-11,/,youtube.com,47,48,0
2019-06-11,/basicseminar,(direct),1,1,0
2019-06-11,/book,youtube.com,2,2,0
2019-06-11,/bronote,naver,2,3,0
2019-06-11,/bronote,youtube.com,3,3,0
2019-06-11,/class,m.cafe.naver.com,1,1,0
2019-06-11,/class,m.youtube.com,1,1,0
2019-06-11,/class,naver,1,1,0
2019-06-11,/class,youtube.com,47,47,0
2019-06-11,/class2,youtube.com,2,2,0
2019-06-11,/community,university_workshop,1,1,0
2019-06-11,/gathering,kakao_opentalk_workshop,1,1,0
2019-06-11,/gathering,youtube.com,1,1,0
2019-06-11,/login?back_url=L3Nob3BfbXlwYWdlLz9tMj1vcmRlcg==&type=mypage,(direct),1,1,0
2019-06-11,/main,bing,1,1,0
2019-06-11,/main,youtube.com,1,1,0
2019-06-11,/onlinestudy,(direct),2,2,0
2019-06-11,/onlinestudy,youtube.com,3,3,0
2019-06-11,/onlineworkshop,(direct),1,1,0
2019-06-11,/onlineworkshop?napp=mysection&subtab_h=25&paddingTop=143,m.naver.com,1,3,0
2019-06-11,/playlist,google,1,1,0
2019-06-11,/playlist,m.blog.naver.com,1,1,0
2019-06-11,/playlist,naver,1,1,0
2019-06-11,/playlist,youtube.com,15,16,0
2019-06-11,/shop,m.cafe.naver.com,1,2,0
2019-06-11,/shop_mypage,youtube.com,2,2,0
2019-06-11,/shop_mypage/?m2=order,(direct),1,1,0
2019-06-11,/shop_mypage/?m2=order&idx=3440418,google,1,1,0
2019-06-11,/shop_view/?idx=17,youtube.com,2,2,0
2019-06-11,/shop_view/?idx=34,(direct),3,3,0
2019-06-11,/shop/?idx=1,google,1,1,0
2019-06-11,/shop/?idx=8,youtube.com,1,2,0
2019-06-11,/tool,(direct),1,1,0
2019-06-11,/tool,cafe.naver.com,2,2,0
2019-06-11,/tool,m.cafe.naver.com,1,1,0
2019-06-11,/tool,naver,1,1,0
2019-06-11,/tool,youtube.com,9,9,0
2019-06-11,/youtube,(direct),15,15,0
2019-06-11,/youtube,google,1,1,0
2019-06-11,/youtube,kakao_opentalk_workshop,1,1,0
2019-06-11,/youtube,tumblbug,1,1,0
2019-06-11,/youtube,youtube.com,13,13,0
2019-06-12,/,(direct),18,24,4.16666666666667
2019-06-12,/,210.117.121.214,1,1,0
2019-06-12,/,59.16.1.11,1,1,0
2019-06-12,/,59.29.251.41,2,3,0
2019-06-12,/,bing,2,2,0
2019-06-12,/,google,7,7,0
2019-06-12,/,l.instagram.com,4,4,0
2019-06-12,/,m.bookmark.naver.com,1,1,0
2019-06-12,/,m.cafe.naver.com,1,1,0
2019-06-12,/,m.youtube.com,1,1,0
2019-06-12,/,naver,15,17,0
2019-06-12,/,tumblbug,1,5,0
2019-06-12,/,youtube.com,89,97,1.03092783505155
2019-06-12,/112,youtube.com,3,3,0
2019-06-12,/123123,youtube.com,1,1,0
2019-06-12,/basicseminar,m.cafe.naver.com,1,1,0
2019-06-12,/basicseminar,youtube.com,3,3,0
2019-06-12,/book,google,1,1,0
2019-06-12,/book,youtube.com,6,6,0
2019-06-12,/bp,youtube.com,1,1,0
2019-06-12,/brocmmn,skhynix.com,1,1,0
2019-06-12,/bronote,59.16.1.11,1,1,0
2019-06-12,/bronote,bing,1,1,0
2019-06-12,/bronote,google,1,2,0
2019-06-12,/bronote,youtube.com,4,4,0
2019-06-12,/BRONOTE,sadmin.imweb.me,1,1,0
2019-06-12,/BRONOTE,youtube.com,2,2,50
2019-06-12,/class,(direct),2,2,0
2019-06-12,/class,naver,1,1,0
2019-06-12,/class,tumblbug,1,1,0
2019-06-12,/class,youtube.com,25,26,0
2019-06-12,/coaching,(direct),2,3,0
2019-06-12,/coaching,youtube.com,2,2,0
2019-06-12,/experience,youtube.com,1,3,0
2019-06-12,/gathering,youtube.com,3,3,0
2019-06-12,/login?back_url=Lw==&used_login_btn=Y,(direct),1,1,100
2019-06-12,/main,naver,1,1,0
2019-06-12,/onlinestudy,(direct),1,1,0
2019-06-12,/onlineworkshop,(direct),2,2,0
2019-06-12,/onlineworkshop,youtube.com,2,2,0
2019-06-12,/onlineworkshop,youtubecommunity_workshop,2,2,0
2019-06-12,/onlineworkshop,youtubecommunity_workshopang=,1,1,0
2019-06-12,/onlineworkshop?napp=mysection&subtab_h=25&paddingTop=143,m.naver.com,1,2,0
2019-06-12,/playlist,(direct),1,1,0
2019-06-12,/playlist,bing,1,1,0
2019-06-12,/playlist,m.youtube.com,2,2,0
2019-06-12,/playlist,naver,1,1,0
2019-06-12,/playlist,skhynix.com,1,1,0
2019-06-12,/playlist,youtube.com,28,31,3.2258064516129
2019-06-12,/shop,(direct),1,1,0
2019-06-12,/shop,m.cafe.naver.com,1,3,0
2019-06-12,/shop,m.keep.naver.com,1,1,0
2019-06-12,/shop,tumblbug,1,1,0
2019-06-12,/shop_cart,(direct),1,1,0
2019-06-12,/shop_mypage/?m2=order&idx=3710890,youtube.com,1,1,0
2019-06-12,/shop_view/?idx=17,youtube.com,3,3,0
2019-06-12,/shop_view/?idx=34,(direct),2,2,0
2019-06-12,/shop/?idx=1,(direct),1,1,0
2019-06-12,/shop/?idx=1,google,1,3,0
2019-06-12,/shop/?idx=9,(direct),1,1,0
2019-06-12,/tool,(direct),12,13,15.3846153846154
2019-06-12,/tool,cafe.naver.com,2,2,0
2019-06-12,/tool,l.instagram.com,1,1,0
2019-06-12,/tool,m.cafe.naver.com,3,3,0
2019-06-12,/tool,m.keep.naver.com,1,1,0
2019-06-12,/tool,naver,1,1,0
2019-06-12,/tool,youtube.com,15,18,0
2019-06-12,/youtube,google,1,1,0
2019-06-12,/youtube,m.youtube.com,1,1,0
2019-06-12,/youtube,naver,1,1,0
2019-06-12,/youtube,youtube.com,11,11,9.09090909090909
2019-06-12,/youtube/?q=YToxOntzOjEyOiJrZXl3b3JkX3R5cGUiO3M6MzoiYWxsIjt9&bmode=view&idx=1971399&t=board,google,1,1,0
2019-06-12,/youtube/?q=YToyOntzOjEyOiJrZXl3b3JkX3R5cGUiO3M6MzoiYWxsIjtzOjQ6InBhZ2UiO2k6MTt9&bmode=view&idx=1994056&t=board,google,1,1,0
2019-06-13,/,(direct),26,31,0
2019-06-13,/,59.29.251.41,1,3,0
2019-06-13,/,bing,1,1,0
2019-06-13,/,classroom.google.com,1,1,0
2019-06-13,/,google,3,3,0
2019-06-13,/,l.instagram.com,2,2,0
2019-06-13,/,m.bookmark.naver.com,1,1,0
2019-06-13,/,m.cafe.naver.com,1,1,0
2019-06-13,/,m.mail.naver.com,1,1,0
2019-06-13,/,naver,5,6,0
2019-06-13,/,youtube.com,95,104,0.961538461538461
2019-06-13,/,youtubecommunity_workshop,1,1,0
2019-06-13,/?mode=login&back_url=L3Nob3BfbXlwYWdlLz9tMj1vcmRlcg==,youtube.com,1,1,0
2019-06-13,/?napp=mysection&subtab_h=24,naver,1,2,0
2019-06-13,/112,naver,1,1,0
2019-06-13,/123123,(direct),1,1,0
2019-06-13,/123123,youtube.com,2,2,0
2019-06-13,/129,youtube.com,2,2,0
2019-06-13,/141,(direct),2,2,0
2019-06-13,/141,m.cafe.naver.com,1,1,0
2019-06-13,/143,(direct),4,4,0
2019-06-13,/143,naver,1,1,0
2019-06-13,/143,tumblbug,1,1,0
2019-06-13,/144?preview_mode=1,m.cafe.naver.com,1,1,0
2019-06-13,/basicseminar,m.cafe.naver.com,1,1,0
2019-06-13,/basicseminar,naver,1,1,0
2019-06-13,/basicseminar,youtube.com,4,7,0
2019-06-13,/book,google,1,1,0
2019-06-13,/book,youtube.com,4,4,0
2019-06-13,/brocmmn,youtube,1,1,0
2019-06-13,/bronote,59.29.251.41,1,1,0
2019-06-13,/bronote,google,1,1,0
2019-06-13,/bronote,naver,2,2,0
2019-06-13,/bronote,youtube.com,1,1,0
2019-06-13,/bronote/?q=YToxOntzOjEyOiJrZXl3b3JkX3R5cGUiO3M6MzoiYWxsIjt9&page=2,youtube.com,1,1,0
2019-06-13,/class,(direct),2,2,0
2019-06-13,/class,google,1,1,0
2019-06-13,/class,naver,1,1,0
2019-06-13,/class,youtube.com,15,15,0
2019-06-13,/class,youtubecommunity_workshop,1,1,0
2019-06-13,/coaching,youtube.com,2,2,0
2019-06-13,/community,youtube.com,1,1,0
2019-06-13,/experience,(direct),2,2,0
2019-06-13,/experience,bing,1,3,0
2019-06-13,/experience,m.cafe.naver.com,1,1,0
2019-06-13,/gathering,(direct),1,1,0
2019-06-13,/login?back_url=Lw==&used_login_btn=Y,naver,1,1,0
2019-06-13,/main,google,1,1,0
2019-06-13,/main,youtube.com,1,1,0
2019-06-13,/map,youtube.com,1,1,0
2019-06-13,/onlinestudy,google,1,1,0
2019-06-13,/onlinestudy,youtube.com,2,2,50
2019-06-13,/onlineworkshop,(direct),6,6,0
2019-06-13,/onlineworkshop,youtube.com,1,1,0
2019-06-13,/onlineworkshop?napp=mysection&subtab_h=25&paddingTop=143,m.naver.com,1,7,0
2019-06-13,/playlist,(direct),5,5,0
2019-06-13,/playlist,google,1,1,0
2019-06-13,/playlist,naver,1,1,0
2019-06-13,/playlist,youtube.com,20,25,0
2019-06-13,/resumeclass,(direct),1,1,0
2019-06-13,/shop,(direct),1,1,0
2019-06-13,/shop,m.cafe.naver.com,1,3,0
2019-06-13,/shop,youtube,1,1,0
2019-06-13,/shop_mypage/?m2=order,google,1,3,0
2019-06-13,/shop_mypage/?m2=order&idx=3725468,youtube.com,1,1,0
2019-06-13,/shop_view/?idx=17,youtube.com,2,3,0
2019-06-13,/shop/?idx=1,google,1,1,0
2019-06-13,/shop/?idx=9,(direct),1,1,0
2019-06-13,/site_join?back_url=L3Nob3Bfdmlldy8/aWR4PTE3&type=&third_party=N&marketing_agree=N,youtube.com,1,1,0
2019-06-13,/tool,(direct),1,1,0
2019-06-13,/tool,cafe.naver.com,2,2,0
2019-06-13,/tool,naver,1,1,0
2019-06-13,/tool,youtube.com,14,15,0
2019-06-13,/youtube,google,1,1,0
2019-06-13,/youtube,youtube.com,4,5,0
2019-06-13,/youtube/?q=YToxOntzOjEyOiJrZXl3b3JkX3R5cGUiO3M6MzoiYWxsIjt9&bmode=view&idx=1971399&t=board,google,2,2,0
2019-06-14,/,(direct),22,30,0
2019-06-14,/,59.29.251.41,1,1,0
2019-06-14,/,bing,1,1,0
2019-06-14,/,classroom.google.com,1,1,0
2019-06-14,/,facebook,1,1,0
2019-06-14,/,google,5,5,0
2019-06-14,/,l.instagram.com,2,2,0
2019-06-14,/,m.blog.naver.com,2,2,0
2019-06-14,/,m.bookmark.naver.com,1,2,0
2019-06-14,/,m.cafe.naver.com,1,2,0
2019-06-14,/,m.youtube.com,1,1,0
2019-06-14,/,naver,10,11,0
2019-06-14,/,youtube.com,91,99,0
2019-06-14,/?mode=login&back_url=L2FkbWluL2Rlc2lnbg==,(direct),1,1,0
2019-06-14,/?napp=mysection&subtab_h=24,naver,1,1,100
2019-06-14,/123123,youtube.com,1,1,0
2019-06-14,/129,youtube.com,1,1,0
2019-06-14,/130,59.29.251.41,1,1,0
2019-06-14,/145?preview_mode=1,m.cafe.naver.com,1,1,0
2019-06-14,/book,(direct),3,3,0
2019-06-14,/book,youtube.com,4,4,0
2019-06-14,/book,youtubecommunity_workshop,1,1,0
2019-06-14,/brocmmn,youtube,1,2,0
2019-06-14,/bronote,(direct),1,1,0
2019-06-14,/bronote,naver,1,1,0
2019-06-14,/bronote,youtube.com,9,10,0
2019-06-14,/BRONOTE,tumblbug,1,1,0
2019-06-14,/BRONOTE,youtube.com,1,1,0
2019-06-14,/class,(direct),4,4,0
2019-06-14,/class,google,1,1,0
2019-06-14,/class,l.instagram.com,1,2,0
2019-06-14,/class,m.naver.com,1,1,0
2019-06-14,/class,youtube.com,10,11,9.09090909090909
2019-06-14,/coaching,m.naver.com,1,1,0
2019-06-14,/coaching,youtube.com,1,1,0
2019-06-14,/community,(direct),1,1,0
2019-06-14,/experience,bing,1,1,0
2019-06-14,/experience,google,1,2,0
2019-06-14,/gathering,(direct),1,3,0
2019-06-14,/gathering,youtube.com,3,3,0
2019-06-14,/groupinterview,m.cafe.naver.com,1,1,0
2019-06-14,/login?back_url=L3Nob3BfbXlwYWdlLz9tMj1vcmRlcg==&used_login_btn=N,youtube.com,1,1,0
2019-06-14,/main,(direct),1,2,0
2019-06-14,/main,google,1,1,0
2019-06-14,/main,naver,1,1,0
2019-06-14,/main,youtube.com,2,2,0
2019-06-14,/onlinestudy,youtube.com,1,4,0
2019-06-14,/onlineworkshop,tumblbug,1,2,0
2019-06-14,/onlineworkshop,youtube.com,1,1,0
2019-06-14,/onlineworkshop?napp=mysection&subtab_h=25&paddingTop=143,m.naver.com,1,7,0
2019-06-14,/pilsalkiseries,59.29.251.41,1,1,0
2019-06-14,/playlist,(direct),2,2,0
2019-06-14,/playlist,google,1,1,0
2019-06-14,/playlist,youtube.com,21,24,0
2019-06-14,/prj,google,1,1,0
2019-06-14,/prj,youtube.com,1,1,0
2019-06-14,/shop,m.cafe.naver.com,1,2,0
2019-06-14,/shop,tumblbug,3,3,0
2019-06-14,/shop,youtube,1,2,0
2019-06-14,/shop_view/?idx=17,youtube.com,3,3,0
2019-06-14,/shop_view/?idx=33,(direct),1,1,0
2019-06-14,/shop_view/?idx=38,mail.google.com,1,1,0
2019-06-14,/shop/?idx=1,google,1,1,0
2019-06-14,/shop/?idx=9,(direct),1,2,0
2019-06-14,/tool,(direct),1,1,0
2019-06-14,/tool,cafe.naver.com,1,1,0
2019-06-14,/tool,m.youtube.com,1,2,0
2019-06-14,/tool,naver,2,2,0
2019-06-14,/tool,youtube.com,10,11,9.09090909090909
2019-06-14,/youtube,google,1,1,0
2019-06-14,/youtube,youtube.com,5,5,0
2019-06-14,/youtube/?q=YToxOntzOjEyOiJrZXl3b3JkX3R5cGUiO3M6MzoiYWxsIjt9&bmode=view&idx=1971399&t=board,google,1,1,0
2019-06-15,/,(direct),19,22,0
2019-06-15,/,bing,2,2,0
2019-06-15,/,classroom.google.com,1,2,0
2019-06-15,/,google,6,6,0
2019-06-15,/,l.instagram.com,1,1,0
2019-06-15,/,m.blog.naver.com,1,1,0
2019-06-15,/,m.cafe.naver.com,1,1,0
2019-06-15,/,m.naver.com,1,1,0
2019-06-15,/,m.youtube.com,1,1,0
2019-06-15,/,naver,5,6,0
2019-06-15,/,tumblbug,1,1,0
2019-06-15,/,youtube.com,59,66,0
2019-06-15,/?mode=login&back_url=L2FkbWlu,alivecommunity.imweb.me,1,1,0
2019-06-15,/?napp=mysection&subtab_h=24,naver,1,2,50
2019-06-15,/112,(direct),1,1,0
2019-06-15,/123123,naver,2,2,0
2019-06-15,/book,(direct),1,1,0
2019-06-15,/book,google,1,1,0
2019-06-15,/book,youtube.com,11,11,0
2019-06-15,/brocmmn,tumblbug,1,1,0
2019-06-15,/brocmmn,youtube.com,1,1,0
2019-06-15,/bronote,(direct),4,4,0
2019-06-15,/bronote,m.cafe.naver.com,1,1,0
2019-06-15,/bronote,m.youtube.com,1,1,0
2019-06-15,/bronote,youtube.com,21,24,0
2019-06-15,/class,(direct),2,2,0
2019-06-15,/class,youtube.com,5,5,0
2019-06-15,/coaching,google,1,1,0
2019-06-15,/community,(direct),2,2,0
2019-06-15,/community,m.blog.naver.com,1,1,0
2019-06-15,/experience,google,1,1,0
2019-06-15,/hrclass,youtube.com,1,1,0
2019-06-15,/main,youtube.com,1,1,0
2019-06-15,/onlineworkshop,youtube.com,3,4,0
2019-06-15,/onlineworkshop?napp=mysection&subtab_h=25&paddingTop=143,m.naver.com,1,7,0
2019-06-15,/playlist,(direct),5,6,0
2019-06-15,/playlist,google,1,1,0
2019-06-15,/playlist,naver,1,1,0
2019-06-15,/playlist,youtube.com,15,15,0
2019-06-15,/shop,m.cafe.naver.com,1,3,0
2019-06-15,/shop,tumblbug,1,1,0
2019-06-15,/shop_view/?idx=17,youtube.com,2,4,0
2019-06-15,/shop_view/?idx=34,google,1,1,0
2019-06-15,/shop/?idx=1,google,1,1,0
2019-06-15,/site_join?back_url=L3Nob3AvP2lkeD05&type=&third_party=N&marketing_agree=N,youtube.com,1,1,0
2019-06-15,/tool,(direct),4,9,0
2019-06-15,/tool,cafe.naver.com,1,1,0
2019-06-15,/tool,google,1,1,0
2019-06-15,/tool,naver,2,2,0
2019-06-15,/tool,youtube.com,8,9,0
2019-06-15,/youtube,naver,2,2,0
2019-06-15,/youtube,youtube.com,2,2,0
2019-06-16,/,(direct),19,28,0
2019-06-16,/,bing,2,2,0
2019-06-16,/,classroom.google.com,1,2,0
2019-06-16,/,google,13,20,0
2019-06-16,/,m.blog.naver.com,1,1,0
2019-06-16,/,m.bookmark.naver.com,1,1,0
2019-06-16,/,m.youtube.com,2,2,0
2019-06-16,/,naver,10,10,0
2019-06-16,/,tumblbug,2,2,0
2019-06-16,/,youtube.com,74,80,1.25
2019-06-16,/,youtubecommunity_workshop,1,1,0
2019-06-16,/112,youtube.com,1,1,0
2019-06-16,/123123,youtube.com,1,1,0
2019-06-16,/141,naver,1,1,0
2019-06-16,/146,google,1,1,0
2019-06-16,/150,(direct),2,2,0
2019-06-16,/basicseminar,youtube.com,2,2,0
2019-06-16,/book,(direct),2,2,0
2019-06-16,/book,bing,1,2,0
2019-06-16,/book,google,1,1,0
2019-06-16,/book,youtube.com,15,15,6.66666666666667
2019-06-16,/bp,youtube.com,1,1,0
2019-06-16,/bronote,(direct),3,3,0
2019-06-16,/bronote,google,1,1,0
2019-06-16,/bronote,naver,2,2,0
2019-06-16,/bronote,youtube.com,21,21,0
2019-06-16,/bronote/?q=YToyOntzOjEyOiJrZXl3b3JkX3R5cGUiO3M6MzoiYWxsIjtzOjQ6InBhZ2UiO2k6Mjt9&page=1,youtube.com,1,1,0
2019-06-16,/class,(direct),2,2,0
2019-06-16,/class,google,1,2,0
2019-06-16,/class,naver,1,1,0
2019-06-16,/class,youtube.com,11,15,0
2019-06-16,/coaching,youtube.com,2,2,0
2019-06-16,/community,(direct),1,1,0
2019-06-16,/experience,google,2,3,0
2019-06-16,/experience,naver,1,1,0
2019-06-16,/main,google,1,1,0
2019-06-16,/main,youtube.com,1,1,0
2019-06-16,/onlinestudy,google,1,1,0
2019-06-16,/onlinestudy,youtube.com,1,2,0
2019-06-16,/onlineworkshop,tumblbug,1,1,0
2019-06-16,/onlineworkshop,youtubecommunity_workshop,1,1,0
2019-06-16,/onlineworkshop?napp=mysection&subtab_h=25&paddingTop=143,m.naver.com,1,4,0
2019-06-16,/playlist,(direct),1,1,0
2019-06-16,/playlist,google,1,1,0
2019-06-16,/playlist,m.youtube.com,1,1,0
2019-06-16,/playlist,naver,1,1,0
2019-06-16,/playlist,youtube.com,23,24,0
2019-06-16,/prj,youtube.com,1,1,0
2019-06-16,/shop,tumblbug,2,2,0
2019-06-16,/shop,youtube,1,1,0
2019-06-16,/shop,youtube.com,1,1,0
2019-06-16,/shop_view/?idx=17,google,1,1,0
2019-06-16,/shop_view/?idx=32,youtube.com,1,1,0
2019-06-16,/shop/?idx=1,google,1,1,0
2019-06-16,/shop/?idx=9,(direct),1,1,0
2019-06-16,/tool,(direct),8,9,11.1111111111111
2019-06-16,/tool,cafe.naver.com,2,2,0
2019-06-16,/tool,google,1,1,0
2019-06-16,/tool,youtube.com,10,11,0
2019-06-16,/youtube,naver,1,1,0
2019-06-16,/youtube,youtube.com,3,3,0
2019-06-16,/youtube/?q=YToxOntzOjEyOiJrZXl3b3JkX3R5cGUiO3M6MzoiYWxsIjt9&bmode=view&idx=1975792&t=board,google,1,1,0
2019-06-16,/youtube/?q=YToxOntzOjEyOiJrZXl3b3JkX3R5cGUiO3M6MzoiYWxsIjt9&bmode=view&idx=1994481&t=board,youtube.com,1,1,0
2019-06-16,/youtube/?q=YToyOntzOjEyOiJrZXl3b3JkX3R5cGUiO3M6MzoiYWxsIjtzOjQ6InBhZ2UiO2k6Mjt9&page=3,youtube.com,1,1,0
2019-06-17,/,(direct),39,54,0
2019-06-17,/,59.29.251.41,1,1,0
2019-06-17,/,bing,2,2,0
2019-06-17,/,facebook,1,1,0
2019-06-17,/,google,7,9,0
2019-06-17,/,l.instagram.com,3,4,0
2019-06-17,/,m.naver.com,1,1,0
2019-06-17,/,m.youtube.com,3,3,0
2019-06-17,/,naver,13,15,0
2019-06-17,/,share.pandora.tv,1,1,0
2019-06-17,/,youtube.com,90,96,0
2019-06-17,/?mode=login&back_url=L2FkbWlu,alivecommunity.imweb.me,1,1,0
2019-06-17,/?mode=login&back_url=L2FkbWluL3Nob3BwaW5nL3Byb2R1Y3QvP3E9WVRveE9udHpPalk2SW5OMFlYUjFjeUk3Y3pvek9pSmhiR3dpTzMwJTNEJm1vZGU9YWRkJmlkeD0zMw==,(direct),1,1,0
2019-06-17,/?napp=mysection&subtab_h=24,naver,1,2,50
2019-06-17,/?napp=mysection&subtab_h=25,(direct),1,1,0
2019-06-17,/143,youtube.com,1,1,0
2019-06-17,/1to1,(direct),1,1,0
2019-06-17,/book,(direct),2,2,50
2019-06-17,/book,google,2,2,0
2019-06-17,/book,youtube.com,14,14,0
2019-06-17,/brocmmn,skhynix.com,1,1,0
2019-06-17,/brocmmn,tumblbug,1,1,0
2019-06-17,/brocmmn,youtube,1,1,0
2019-06-17,/bronote,(direct),10,10,0
2019-06-17,/bronote,google,3,3,0
2019-06-17,/bronote,naver,1,1,0
2019-06-17,/bronote,youtube.com,26,31,0
2019-06-17,/bronote,youtubecommunity_workshop,1,1,0
2019-06-17,/bronote/?page=1,youtube.com,1,1,0
2019-06-17,/class,(direct),2,2,0
2019-06-17,/class,cafe.naver.com,1,1,0
2019-06-17,/class,google,1,3,0
2019-06-17,/class,naver,1,2,0
2019-06-17,/class,youtube.com,3,3,0
2019-06-17,/class,youtubecommunity_workshop,1,2,0
2019-06-17,/experience,youtube.com,1,1,0
2019-06-17,/gathering,youtube.com,1,1,0
2019-06-17,/groupinterview,(direct),1,1,0
2019-06-17,/groupinterview,59.29.251.41,1,1,0
2019-06-17,/groupinterview,youtube.com,1,1,0
2019-06-17,/login?back_url=L2FkbWluL3Nob3BwaW5nL3Byb2R1Y3QvP3E9WVRveE9udHpPalk2SW5OMFlYUjFjeUk3Y3pvek9pSmhiR3dpTzMwJTNEJm1vZGU9YWRkJmlkeD0zMw==&used_login_btn=N,(direct),1,1,0
2019-06-17,/main,(direct),1,1,0
2019-06-17,/main,google,1,1,0
2019-06-17,/main,naver,1,1,0
2019-06-17,/main,youtube.com,2,2,0
2019-06-17,/onlinestudy,(direct),1,1,0
2019-06-17,/onlinestudy,youtube.com,1,1,0
2019-06-17,/onlineworkshop,(direct),4,4,0
2019-06-17,/onlineworkshop,tumblbug,1,3,0
2019-06-17,/onlineworkshop,youtube.com,3,3,0
2019-06-17,/onlineworkshop,youtubecommunity_workshop,1,1,0
2019-06-17,/onlineworkshop?napp=mysection&subtab_h=25&paddingTop=143,m.naver.com,1,8,0
2019-06-17,/playlist,(direct),3,5,0
2019-06-17,/playlist,google,1,1,0
2019-06-17,/playlist,youtube.com,22,23,0
2019-06-17,/prj,google,1,1,0
2019-06-17,/prj,youtube.com,1,1,0
2019-06-17,/shop,m.youtube.com,1,1,0
2019-06-17,/shop,tumblbug,2,2,0
2019-06-17,/shop,youtube,3,3,0
2019-06-17,/shop,youtube.com,1,4,0
2019-06-17,/shop_mypage,google,1,1,0
2019-06-17,/shop_mypage/?m2=order&idx=3790832,youtube.com,1,1,0
2019-06-17,/shop_mypage/?m2=qna,naver,1,3,0
2019-06-17,/shop_payment_complete/?idx=3324056,youtube.com,1,1,100
2019-06-17,/shop_view/?idx=17,youtube.com,1,3,0
2019-06-17,/shop_view/?idx=32,youtube.com,1,1,0
2019-06-17,/shop_view/?idx=33,(direct),1,1,0
2019-06-17,/shop_view/?idx=43,youtube.com,1,1,0
2019-06-17,/shop_view/?idx=45,(direct),1,1,0
2019-06-17,/shop_view/?idx=47,(direct),1,2,0
2019-06-17,/shop_view/?idx=49,(direct),2,2,0
2019-06-17,/shop_view/?idx=49,google,2,2,0
2019-06-17,/shop_view/?idx=49,skhynix.com,1,1,0
2019-06-17,/shop/?idx=1,google,1,1,0
2019-06-17,/shop/?idx=8,youtube.com,1,1,0
2019-06-17,/shop/?idx=9,(direct),1,1,0
2019-06-17,/shop/?idx=9,youtube.com,1,1,0
2019-06-17,/tool,(direct),5,7,0
2019-06-17,/tool,cafe.naver.com,2,2,0
2019-06-17,/tool,google,2,3,0
2019-06-17,/tool,tumblbug,1,1,0
2019-06-17,/tool,youtube.com,8,9,0
2019-06-17,/workshop,(direct),1,1,0
2019-06-17,/workshop,youtube.com,1,1,0
2019-06-17,/youtube,(direct),1,1,0
2019-06-17,/youtube,google,1,1,0
2019-06-17,/youtube,youtube.com,2,4,0
2019-06-17,/youtube/?q=YToxOntzOjEyOiJrZXl3b3JkX3R5cGUiO3M6MzoiYWxsIjt9&bmode=view&idx=1975792&t=board,naver,1,1,0
2019-06-17,/youtube/?q=YToxOntzOjEyOiJrZXl3b3JkX3R5cGUiO3M6MzoiYWxsIjt9&bmode=view&idx=2011641&t=board,(direct),1,1,0
2019-06-17,/youtube/?q=YToyOntzOjEyOiJrZXl3b3JkX3R5cGUiO3M6MzoiYWxsIjtzOjQ6InBhZ2UiO2k6MTt9&bmode=view&idx=1936860&t=board,google,1,1,0
2019-06-18,/,(direct),46,66,1.51515151515152
2019-06-18,/,bing,2,2,0
2019-06-18,/,blog.naver.com,1,1,0
2019-06-18,/,daum,1,1,0
2019-06-18,/,facebook,1,2,0
2019-06-18,/,google,6,8,0
2019-06-18,/,m.blog.naver.com,1,1,0
2019-06-18,/,m.bookmark.naver.com,2,2,0
2019-06-18,/,m.keep.naver.com,1,2,0
2019-06-18,/,m.mail.naver.com,1,1,0
2019-06-18,/,m.youtube.com,2,2,0
2019-06-18,/,naver,30,34,0
2019-06-18,/,tumblbug,1,1,0
2019-06-18,/,youtube.com,99,112,0
2019-06-18,/?napp=mysection&subtab_h=24,naver,1,2,50
2019-06-18,/123123,(direct),1,1,0
2019-06-18,/123123,google,1,1,0
2019-06-18,/1to1,(direct),2,2,0
2019-06-18,/1to1,youtube.com,1,1,0
2019-06-18,/book,(direct),1,1,0
2019-06-18,/book,naver,2,2,0
2019-06-18,/book,youtube.com,37,37,0
2019-06-18,/brocmmn,youtube,1,1,0
2019-06-18,/brocmmn,youtube.com,1,1,0
2019-06-18,/brocmmn/?q=YToyOntzOjEyOiJrZXl3b3JkX3R5cGUiO3M6MzoiYWxsIjtzOjQ6InBhZ2UiO2k6MTt9&bmode=view&idx=1560715&t=board,google,1,1,0
2019-06-18,/bronote,(direct),5,5,0
2019-06-18,/bronote,google,1,1,0
2019-06-18,/bronote,naver,1,1,0
2019-06-18,/bronote,youtube.com,34,35,2.85714285714286
2019-06-18,/class,(direct),4,4,0
2019-06-18,/class,naver,2,2,0
2019-06-18,/class,youtube.com,11,11,0
2019-06-18,/coaching,youtube.com,1,1,0
2019-06-18,/community,(direct),4,4,0
2019-06-18,/community,google,1,3,0
2019-06-18,/gathering,youtube.com,2,2,0
2019-06-18,/groupinterview,share.pandora.tv,1,1,0
2019-06-18,/groupinterview,youtube.com,1,1,0
2019-06-18,/groupresume,youtube.com,1,1,0
2019-06-18,/login?back_url=L3Nob3BfbXlwYWdlLz9tMj1vcmRlcg==&used_login_btn=N,(direct),1,1,0
2019-06-18,/login?back_url=L3Nob3BfbXlwYWdlLz9tMj1vcmRlcg==&used_login_btn=N,youtube.com,1,1,0
2019-06-18,/login?back_url=L3Nob3BfbXlwYWdlLz9tMj1xbmE=&used_login_btn=N,(direct),1,1,0
2019-06-18,/main,(direct),2,2,0
2019-06-18,/main,tumblbug,1,1,0
2019-06-18,/main,youtube.com,2,2,0
2019-06-18,/onlinestudy,youtube.com,1,2,0
2019-06-18,/onlineworkshop,(direct),3,3,0
2019-06-18,/onlineworkshop,kakao_opentalk_workshop,1,1,0
2019-06-18,/onlineworkshop?napp=mysection&subtab_h=25&paddingTop=143,m.naver.com,1,6,0
2019-06-18,/playlist,(direct),10,14,7.14285714285714
2019-06-18,/playlist,kakao_opentalk_workshop,1,1,0
2019-06-18,/playlist,m.youtube.com,1,1,0
2019-06-18,/playlist,youtube.com,19,23,0
2019-06-18,/shop,(direct),1,1,0
2019-06-18,/shop,naver,1,1,0
2019-06-18,/shop,tumblbug,3,3,0
2019-06-18,/shop,youtube,1,1,0
2019-06-18,/shop,youtube.com,2,4,0
2019-06-18,/shop_mypage,google,1,1,0
2019-06-18,/shop_mypage/?m2=order,(direct),1,2,0
2019-06-18,/shop_mypage/?m2=order,youtube.com,1,1,0
2019-06-18,/shop_mypage/?m2=order&idx=3757829,naver,1,1,0
2019-06-18,/shop_view/?idx=17,youtube.com,2,3,0
2019-06-18,/shop_view/?idx=32,youtube.com,1,1,0
2019-06-18,/shop_view/?idx=49,(direct),1,1,0
2019-06-18,/shop/?idx=1,google,6,6,0
2019-06-18,/shop/?idx=9,youtube.com,3,4,0
2019-06-18,/tool,(direct),3,3,0
2019-06-18,/tool,cafe.naver.com,2,3,0
2019-06-18,/tool,naver,2,2,0
2019-06-18,/tool,youtube.com,12,14,0
2019-06-18,/workshop,(direct),4,4,0
2019-06-18,/workshop,naver,1,1,0
2019-06-18,/workshop,youtube.com,1,1,0
2019-06-18,/youtube,(direct),3,3,0
2019-06-18,/youtube,google,1,2,0
2019-06-18,/youtube,naver,1,1,0
2019-06-18,/youtube,youtube.com,3,4,0
2019-06-18,/youtube/?q=YToxOntzOjEyOiJrZXl3b3JkX3R5cGUiO3M6MzoiYWxsIjt9&bmode=view&idx=2011641&t=board,naver,1,1,0
2019-06-18,/youtube/?q=YToyOntzOjEyOiJrZXl3b3JkX3R5cGUiO3M6MzoiYWxsIjtzOjQ6InBhZ2UiO2k6MTt9&page=1,youtube.com,1,1,0
2019-06-19,/,(direct),37,49,4.08163265306122
2019-06-19,/,google,17,21,0
2019-06-19,/,m.blog.naver.com,1,1,0
2019-06-19,/,m.keep.naver.com,1,1,0
2019-06-19,/,m.mail.naver.com,1,1,0
2019-06-19,/,m.youtube.com,1,1,0
2019-06-19,/,naver,23,29,0
2019-06-19,/,search.zum.com,1,1,0
2019-06-19,/,youtube.com,134,148,0
2019-06-19,/,youtubecommunity_workshop,1,1,0
2019-06-19,/?mode=change_password&c=8dca7f6f2082185552d528fe480503a9&r=742&s=m20190618831d180477baa,(direct),1,1,0
2019-06-19,/?mode=change_password&c=c52d64c7d184f10fee538c2fb7f25341&r=661&s=m201902025c55a409c8307,m.mail.naver.com,1,1,0
2019-06-19,/112,naver,1,1,0
2019-06-19,/1to1,google,1,1,0
2019-06-19,/1to1,m.mail.naver.com,1,2,0
2019-06-19,/1to1,youtube.com,1,1,0
2019-06-19,/book,(direct),4,4,0
2019-06-19,/book,m.mail.naver.com,1,1,0
2019-06-19,/book,naver,1,1,0
2019-06-19,/book,youtube.com,40,42,0
2019-06-19,/brocmmn,youtube.com,1,2,0
2019-06-19,/bronote,(direct),9,9,0
2019-06-19,/bronote,210.217.72.119,1,1,0
2019-06-19,/bronote,google,2,2,0
2019-06-19,/bronote,m.mail.naver.com,1,3,0
2019-06-19,/bronote,naver,2,2,0
2019-06-19,/bronote,youtube.com,38,38,2.63157894736842
2019-06-19,/BRONOTE,youtube.com,1,1,0
2019-06-19,/bronote/?q=YToyOntzOjEyOiJrZXl3b3JkX3R5cGUiO3M6MzoiYWxsIjtzOjQ6InBhZ2UiO2k6Mjt9&page=1,naver,1,1,0
2019-06-19,/bronote/?q=YToyOntzOjEyOiJrZXl3b3JkX3R5cGUiO3M6MzoiYWxsIjtzOjQ6InBhZ2UiO2k6Mjt9&page=1,youtube.com,1,1,0
2019-06-19,/class,(direct),3,3,0
2019-06-19,/class,youtube.com,5,5,0
2019-06-19,/community,google,1,1,0
2019-06-19,/gathering,youtube.com,2,2,0
2019-06-19,/groupinterview,youtube.com,1,1,0
2019-06-19,/groupresume,youtube.com,2,4,0
2019-06-19,/login?back_url=L3Nob3BfbXlwYWdl&type=mypage,youtube.com,1,3,0
2019-06-19,/login?back_url=L3Nob3BfbXlwYWdlLz9tMj1vcmRlcg==&used_login_btn=N,(direct),1,1,0
2019-06-19,/main,google,1,1,0
2019-06-19,/main,youtube.com,1,1,0
2019-06-19,/map,(direct),1,1,0
2019-06-19,/onlineworkshop,(direct),3,3,0
2019-06-19,/onlineworkshop,youtube.com,4,5,20
2019-06-19,/onlineworkshop?napp=mysection&subtab_h=25&paddingTop=143,m.naver.com,1,2,0
2019-06-19,/playlist,(direct),3,6,0
2019-06-19,/playlist,google,2,2,0
2019-06-19,/playlist,m.youtube.com,1,1,0
2019-06-19,/playlist,naver,1,3,0
2019-06-19,/playlist,youtube.com,18,20,0
2019-06-19,/seminar,youtube.com,2,2,0
2019-06-19,/shop,tumblbug,1,1,0
2019-06-19,/shop,youtube,2,2,0
2019-06-19,/shop,youtube.com,1,2,0
2019-06-19,/shop_mypage/?m2=order&idx=3709860,tumblbug,1,1,0
2019-06-19,/shop_mypage/?m2=order&idx=3757829,naver,1,1,0
2019-06-19,/shop_payment_complete/?idx=3817218,m.mail.naver.com,1,1,0
2019-06-19,/shop_payment_complete/?idx=3822208,naver,1,1,0
2019-06-19,/shop_view/?idx=17,(direct),3,3,0
2019-06-19,/shop_view/?idx=44,youtube.com,1,1,0
2019-06-19,/shop/?idx=1,(direct),1,1,0
2019-06-19,/shop/?idx=1,blog.naver.com,1,1,0
2019-06-19,/shop/?idx=1,google,7,7,0
2019-06-19,/shop/?idx=1,m.mail.naver.com,1,1,0
2019-06-19,/shop/?idx=1,youtube,1,1,0
2019-06-19,/shop/?idx=9,(direct),1,1,0
2019-06-19,/shop/?idx=9,youtube.com,2,4,0
2019-06-19,/site_join?back_url=L3Nob3Bfdmlldy8/aWR4PTE3&type=&third_party=N&marketing_agree=N,youtube.com,1,1,0
2019-06-19,/tool,(direct),4,4,0
2019-06-19,/tool,google,2,2,0
2019-06-19,/tool,m.youtube.com,2,3,0
2019-06-19,/tool,naver,2,2,0
2019-06-19,/tool,youtube.com,10,10,0
2019-06-19,/workshop,(direct),1,1,0
2019-06-19,/workshop,naver,1,1,0
2019-06-19,/workshop,youtube.com,1,2,0
2019-06-19,/youtube,(direct),2,2,0
2019-06-19,/youtube,google,4,6,0
2019-06-19,/youtube,youtube.com,4,5,0
2019-06-19,/youtube/?q=YToyOntzOjEyOiJrZXl3b3JkX3R5cGUiO3M6MzoiYWxsIjtzOjQ6InBhZ2UiO2k6Mzt9&page=1,youtube.com,1,1,0
2019-06-20,/,(direct),26,26,0
2019-06-20,/,alivecommunity.imweb.me,1,1,0
2019-06-20,/,bing,1,1,0
2019-06-20,/,blog.naver.com,1,1,0
2019-06-20,/,google,5,5,0
2019-06-20,/,l.instagram.com,1,1,0
2019-06-20,/,m.blog.naver.com,2,2,0
2019-06-20,/,m.mail.naver.com,2,3,0
2019-06-20,/,m.youtube.com,1,1,0
2019-06-20,/,naver,26,29,0
2019-06-20,/,tumblbug,1,1,0
2019-06-20,/,youtube.com,93,110,0.909090909090909
2019-06-20,/,youtubecommunity_workshop,2,2,0
2019-06-20,/?napp=mysection&subtab_h=24,naver,1,2,0
2019-06-20,/1to1,youtube.com,2,2,0
2019-06-20,/book,(direct),2,2,50
2019-06-20,/book,youtube.com,24,30,0
2019-06-20,/brocmmn,tumblbug,1,1,0
2019-06-20,/bronote,(direct),3,3,0
2019-06-20,/bronote,google,2,4,0
2019-06-20,/bronote,m.mail.naver.com,1,2,0
2019-06-20,/bronote,naver,1,3,0
2019-06-20,/bronote,tumblbug,1,1,0
2019-06-20,/bronote,youtube,1,1,0
2019-06-20,/bronote,youtube.com,24,27,0
2019-06-20,/BRONOTE,m.youtube.com,1,2,0
2019-06-20,/bronote/?q=YToxOntzOjEyOiJrZXl3b3JkX3R5cGUiO3M6MzoiYWxsIjt9&page=2,google,1,1,0
2019-06-20,/bronote/?q=YToyOntzOjEyOiJrZXl3b3JkX3R5cGUiO3M6MzoiYWxsIjtzOjQ6InBhZ2UiO2k6Mjt9&page=1,youtube.com,1,1,0
2019-06-20,/class,(direct),1,1,0
2019-06-20,/class,youtube.com,3,3,0
2019-06-20,/coaching,youtube.com,1,1,0
2019-06-20,/groupinterview,m.youtube.com,1,1,0
2019-06-20,/groupinterview,naver,1,1,0
2019-06-20,/groupresume,(direct),1,2,0
2019-06-20,/groupresume,youtube.com,2,2,0
2019-06-20,/groupresume,youtubecommunity_workshop,1,1,0
2019-06-20,/main,(direct),1,1,0
2019-06-20,/main,youtube.com,1,1,0
2019-06-20,/onlinestudy,(direct),1,1,0
2019-06-20,/onlineworkshop,(direct),2,2,0
2019-06-20,/onlineworkshop,m.youtube.com,1,1,0
2019-06-20,/onlineworkshop,youtube.com,1,1,0
2019-06-20,/onlineworkshop?napp=mysection&subtab_h=25&paddingTop=143,m.naver.com,1,10,0
2019-06-20,/playlist,(direct),2,4,0
2019-06-20,/playlist,google,1,1,0
2019-06-20,/playlist,youtube.com,32,34,2.94117647058824
2019-06-20,/shop,tumblbug,1,1,0
2019-06-20,/shop,youtube,1,1,0
2019-06-20,/shop,youtube.com,1,1,0
2019-06-20,/shop_view/?idx=17,youtube.com,2,2,0
2019-06-20,/shop_view/?idx=43,(direct),1,1,0
2019-06-20,/shop_view/?idx=43,naver,1,1,0
2019-06-20,/shop_view/?idx=47,youtube.com,1,1,0
2019-06-20,/shop/?idx=1,google,5,5,0
2019-06-20,/shop/?idx=9,youtube.com,2,2,0
2019-06-20,/site_join_agree?back_url=L3Nob3Bfdmlldy8/aWR4PTE3,youtube.com,1,1,0
2019-06-20,/site_join?back_url=L3Nob3Bfdmlldy8/aWR4PTQ0&type=&third_party=N&marketing_agree=N,(direct),1,1,0
2019-06-20,/tool,(direct),3,3,0
2019-06-20,/tool,cafe.naver.com,2,2,0
2019-06-20,/tool,google,2,2,0
2019-06-20,/tool,m.mail.naver.com,1,3,0
2019-06-20,/tool,naver,2,3,0
2019-06-20,/tool,youtube.com,5,6,0
2019-06-20,/workshop,(direct),2,2,0
2019-06-20,/workshop,m.youtube.com,1,1,0
2019-06-20,/workshop,youtube.com,106,109,0.91743119266055
2019-06-20,/youtube,(direct),1,1,0
2019-06-20,/youtube,google,1,4,0
2019-06-20,/youtube,naver,1,1,0
2019-06-20,/youtube,youtube.com,6,6,0
2019-06-20,/youtube/?q=YToxOntzOjEyOiJrZXl3b3JkX3R5cGUiO3M6MzoiYWxsIjt9&bmode=view&idx=1936860&t=board,youtube.com,1,1,0
2019-06-20,/youtube/?q=YToyOntzOjEyOiJrZXl3b3JkX3R5cGUiO3M6MzoiYWxsIjtzOjQ6InBhZ2UiO2k6Mzt9&bmode=view&idx=1746966&t=board,google,1,1,0
2019-06-21,/,(direct),19,22,4.54545454545455
2019-06-21,/,daum,1,1,0
2019-06-21,/,google,3,3,0
2019-06-21,/,l.instagram.com,1,1,0
2019-06-21,/,m.youtube.com,1,1,0
2019-06-21,/,naver,11,13,0
2019-06-21,/,youtube.com,36,37,0
2019-06-21,/?mode=login&back_url=L3Nob3BfbXlwYWdlLz9tMj1vcmRlcg==,youtube.com,1,1,0
2019-06-21,/?napp=mysection&subtab_h=24,naver,1,1,0
2019-06-21,/1to1,youtube.com,2,2,0
2019-06-21,/book,(direct),2,2,0
2019-06-21,/book,youtube.com,14,15,0
2019-06-21,/brocmmn,youtube.com,1,1,0
2019-06-21,/bronote,(direct),4,4,0
2019-06-21,/bronote,google,2,3,0
2019-06-21,/bronote,youtube,1,1,0
2019-06-21,/bronote,youtube.com,10,10,10
2019-06-21,/class,naver,1,1,0
2019-06-21,/class,youtube.com,1,1,0
2019-06-21,/community,(direct),5,5,0
2019-06-21,/gathering,(direct),1,1,0
2019-06-21,/groupinterview,youtube.com,2,2,0
2019-06-21,/groupresume,youtube.com,5,7,0
2019-06-21,/onlinestudy,youtube.com,1,1,0
2019-06-21,/onlineworkshop,kakao_opentalk_workshop,1,1,0
2019-06-21,/onlineworkshop,m.naver.com,1,1,100
2019-06-21,/onlineworkshop,m.youtube.com,2,2,0
2019-06-21,/onlineworkshop,mail3.nate.com,1,1,0
2019-06-21,/onlineworkshop,youtube.com,1,1,0
2019-06-21,/onlineworkshop?napp=mysection&subtab_h=25&paddingTop=143,m.naver.com,1,2,0
2019-06-21,/playlist,(direct),1,1,0
2019-06-21,/playlist,youtube.com,11,11,0
2019-06-21,/shop,youtube,1,1,0
2019-06-21,/shop,youtube.com,1,1,0
2019-06-21,/shop_mypage,google,1,1,0
2019-06-21,/shop_mypage,naver,1,1,0
2019-06-21,/shop_mypage/?m2=qna,youtube.com,1,1,0
2019-06-21,/shop_payment_complete/?idx=3842839,youtube.com,1,1,0
2019-06-21,/shop_payment/?order_code=o20190621366b3b3efc28b,youtube.com,1,1,0
2019-06-21,/shop_view/?idx=17,youtube.com,1,1,0
2019-06-21,/shop_view/?idx=43,youtube.com,2,2,0
2019-06-21,/shop_view/?idx=44,(direct),2,2,0
2019-06-21,/shop/?idx=1,(direct),1,1,0
2019-06-21,/shop/?idx=1,google,1,1,0
2019-06-21,/shop/?idx=1,m.mail.naver.com,1,1,0
2019-06-21,/tool,(direct),6,6,0
2019-06-21,/tool,cafe.naver.com,1,1,0
2019-06-21,/tool,google,1,1,0
2019-06-21,/tool,m.cafe.naver.com,1,1,0
2019-06-21,/tool,naver,1,1,0
2019-06-21,/tool,youtube.com,2,2,0
2019-06-21,/workshop,(direct),1,1,0
2019-06-21,/workshop,m.youtube.com,1,1,0
2019-06-21,/workshop,youtube.com,87,88,0
2019-06-21,/youtube,google,1,3,0
2019-06-21,/youtube,youtube.com,2,2,0
